{
  "version": "7",
  "dialect": "mysql",
  "entries": [
    {
      "idx": 0,
      "version": "5",
      "when": 1743682684699,
      "tag": "0000_yummy_thundra",
      "breakpoints": true
    },
    {
      "idx": 1,
      "version": "5",
      "when": 1743695283375,
      "tag": "0001_zippy_lord_tyger",
      "breakpoints": true
    },
    {
      "idx": 2,
      "version": "5",
      "when": 1744557401514,
      "tag": "0002_grey_baron_zemo",
      "breakpoints": true
    },
    {
      "idx": 3,
      "version": "5",
      "when": 1744645464913,
      "tag": "0003_loving_supreme_intelligence",
      "breakpoints": true
    },
    {
      "idx": 4,
      "version": "5",
      "when": 1745222605526,
      "tag": "0004_funny_sleeper",
      "breakpoints": true
    },
    {
      "idx": 5,
      "version": "5",
      "when": 1745742638428,
      "tag": "0005_neat_bromley",
      "breakpoints": true
    }
  ]
}